{"cameraMode":{"drawMode":0,"name":"Shaded","section":"Shading Mode"},"sceneLighting":true,"audioPlay":false,"sceneViewState":{"showFog":true,"showMaterialUpdate":false,"showSkybox":true,"showFlares":true,"showImageEffects":true,"showParticleSystems":true},"in2DMode":false,"pivot":{"x":-90.32000732421875,"y":-107.55001831054688,"z":92.99996948242188},"rotation":{"x":-0.3954382836818695,"y":0.5939126014709473,"z":-0.5627149343490601,"w":-0.41743069887161257},"size":3086.07275390625,"orthographic":false}