{"cameraMode":{"drawMode":0,"name":"Shaded","section":"Shading Mode"},"sceneLighting":false,"audioPlay":false,"sceneViewState":{"showFog":true,"showMaterialUpdate":false,"showSkybox":false,"showFlares":true,"showImageEffects":true,"showParticleSystems":true},"in2DMode":false,"pivot":{"x":-1.4736223220825196,"y":0.30666330456733706,"z":3.7672598361968996},"rotation":{"x":-0.29031234979629519,"y":-0.6532201766967773,"z":0.3001912534236908,"w":-0.6315910816192627},"size":0.4666902720928192,"orthographic":false}