{"cameraMode":{"drawMode":0,"name":"Shaded","section":"Shading Mode"},"sceneLighting":false,"audioPlay":false,"sceneViewState":{"showFog":true,"showMaterialUpdate":false,"showSkybox":false,"showFlares":true,"showImageEffects":true,"showParticleSystems":true},"in2DMode":false,"pivot":{"x":57.65568542480469,"y":-0.7298628091812134,"z":55.888877868652347},"rotation":{"x":0.07864180952310562,"y":-0.7653259634971619,"z":0.09533867239952088,"w":0.6316662430763245},"size":2.0137805938720705,"orthographic":false}