{"cameraMode":{"drawMode":0,"name":"Shaded","section":"Shading Mode"},"sceneLighting":true,"audioPlay":false,"sceneViewState":{"showFog":true,"showMaterialUpdate":false,"showSkybox":true,"showFlares":true,"showImageEffects":true,"showParticleSystems":true},"in2DMode":false,"pivot":{"x":7.446277618408203,"y":22.17500114440918,"z":17.727319717407228},"rotation":{"x":0.06655348092317581,"y":0.13191841542720796,"z":0.008843235671520234,"w":-0.9889843463897705},"size":2.7346103191375734,"orthographic":false}