{"cameraMode":{"drawMode":0,"name":"Shaded","section":"Shading Mode"},"sceneLighting":false,"audioPlay":false,"sceneViewState":{"showFog":true,"showMaterialUpdate":false,"showSkybox":false,"showFlares":true,"showImageEffects":true,"showParticleSystems":true},"in2DMode":false,"pivot":{"x":-1.4930697679519654,"y":0.28199437260627749,"z":3.7672598361968996},"rotation":{"x":-0.17507301270961762,"y":-0.653515636920929,"z":0.15907225012779237,"w":-0.7190012335777283},"size":0.4666902720928192,"orthographic":false}