{"cameraMode":{"drawMode":0,"name":"Shaded","section":"Shading Mode"},"sceneLighting":true,"audioPlay":false,"sceneViewState":{"showFog":true,"showMaterialUpdate":false,"showSkybox":true,"showFlares":true,"showImageEffects":true,"showParticleSystems":true},"in2DMode":false,"pivot":{"x":0.0,"y":1.9206933975219727,"z":-0.00048064906150102615},"rotation":{"x":0.07663126289844513,"y":0.9233281016349793,"z":-0.272318035364151,"w":0.25968390703201296},"size":7.084506511688232,"orthographic":false}