{"cameraMode":{"drawMode":0,"name":"Shaded","section":"Shading Mode"},"sceneLighting":true,"audioPlay":false,"sceneViewState":{"showFog":true,"showMaterialUpdate":false,"showSkybox":true,"showFlares":true,"showImageEffects":true,"showParticleSystems":true},"in2DMode":false,"pivot":{"x":-2.3879880905151369,"y":2.7750072479248049,"z":2.0041842460632326},"rotation":{"x":-0.19569087028503419,"y":-0.545986533164978,"z":0.13289029896259309,"w":-0.8037064671516419},"size":2.9225077629089357,"orthographic":false}