{"cameraMode":{"drawMode":0,"name":"Shaded","section":"Shading Mode"},"sceneLighting":true,"audioPlay":false,"sceneViewState":{"showFog":true,"showMaterialUpdate":false,"showSkybox":true,"showFlares":true,"showImageEffects":true,"showParticleSystems":true},"in2DMode":false,"pivot":{"x":-0.32985275983810427,"y":1.0904216766357422,"z":0.12782412767410279},"rotation":{"x":-0.12732204794883729,"y":-0.04699734225869179,"z":0.006005645263940096,"w":-0.9907291531562805},"size":87.71540069580078,"orthographic":false}