{"cameraMode":{"drawMode":0,"name":"Shaded","section":"Shading Mode"},"sceneLighting":false,"audioPlay":false,"sceneViewState":{"showFog":true,"showMaterialUpdate":false,"showSkybox":false,"showFlares":true,"showImageEffects":true,"showParticleSystems":true},"in2DMode":false,"pivot":{"x":-3.7300915718078615,"y":0.30666330456733706,"z":3.7672598361968996},"rotation":{"x":-0.17507301270961762,"y":-0.653515636920929,"z":0.15907225012779237,"w":-0.7190012335777283},"size":0.4666900634765625,"orthographic":false}