{"cameraMode":{"drawMode":0,"name":"Shaded","section":"Shading Mode"},"sceneLighting":false,"audioPlay":false,"sceneViewState":{"showFog":true,"showMaterialUpdate":false,"showSkybox":false,"showFlares":true,"showImageEffects":true,"showParticleSystems":true},"in2DMode":false,"pivot":{"x":-0.05684065818786621,"y":-0.03302645683288574,"z":-0.02629828453063965},"rotation":{"x":0.5909906029701233,"y":0.24210183322429658,"z":0.7451636791229248,"w":-0.19195832312107087},"size":26.46455955505371,"orthographic":false}