{"cameraMode":{"drawMode":0,"name":"Shaded","section":"Shading Mode"},"sceneLighting":false,"audioPlay":false,"sceneViewState":{"showFog":true,"showMaterialUpdate":false,"showSkybox":false,"showFlares":true,"showImageEffects":true,"showParticleSystems":true},"in2DMode":false,"pivot":{"x":7.939698219299316,"y":1.9460808038711548,"z":-0.28756415843963625},"rotation":{"x":0.07663126289844513,"y":0.9233281016349793,"z":-0.272318035364151,"w":0.25968390703201296},"size":4.628874778747559,"orthographic":false}