{"cameraMode":{"drawMode":0,"name":"Shaded","section":"Shading Mode"},"sceneLighting":false,"audioPlay":false,"sceneViewState":{"showFog":true,"showMaterialUpdate":false,"showSkybox":false,"showFlares":true,"showImageEffects":true,"showParticleSystems":true},"in2DMode":false,"pivot":{"x":0.0000012516975402832032,"y":5.436316013336182,"z":0.0},"rotation":{"x":-0.12015964835882187,"y":0.6099017262458801,"z":-0.09424528479576111,"w":-0.777630627155304},"size":1.7142049074172974,"orthographic":false}