{"cameraMode":{"drawMode":0,"name":"Shaded","section":"Shading Mode"},"sceneLighting":true,"audioPlay":false,"sceneViewState":{"showFog":true,"showMaterialUpdate":false,"showSkybox":true,"showFlares":true,"showImageEffects":true,"showParticleSystems":true},"in2DMode":false,"pivot":{"x":-9.127893447875977,"y":2.4850330352783205,"z":-9.403456687927246},"rotation":{"x":0.13665874302387238,"y":-0.665645956993103,"z":0.12590833008289338,"w":0.7227634787559509},"size":5.412856101989746,"orthographic":false}