{"cameraMode":{"drawMode":0,"name":"Shaded","section":"Shading Mode"},"sceneLighting":true,"audioPlay":false,"sceneViewState":{"showFog":true,"showMaterialUpdate":false,"showSkybox":true,"showFlares":true,"showImageEffects":true,"showParticleSystems":true},"in2DMode":false,"pivot":{"x":0.06416261196136475,"y":1.1853153705596924,"z":3.8743019104003908e-7},"rotation":{"x":0.14281655848026277,"y":-0.03621495142579079,"z":0.005267674569040537,"w":0.9890723824501038},"size":6.978312015533447,"orthographic":false}