{"cameraMode":{"drawMode":0,"name":"Shaded","section":"Shading Mode"},"sceneLighting":false,"audioPlay":false,"sceneViewState":{"showFog":true,"showMaterialUpdate":false,"showSkybox":false,"showFlares":true,"showImageEffects":true,"showParticleSystems":true},"in2DMode":false,"pivot":{"x":-4.302710294723511e-7,"y":1.000000238418579,"z":2.004260778427124},"rotation":{"x":-0.3344394266605377,"y":-0.3428404629230499,"z":0.13207289576530457,"w":-0.8678522109985352},"size":0.21001087129116059,"orthographic":false}