{"cameraMode":{"drawMode":0,"name":"Shaded","section":"Shading Mode"},"sceneLighting":true,"audioPlay":false,"sceneViewState":{"showFog":true,"showMaterialUpdate":false,"showSkybox":true,"showFlares":true,"showImageEffects":true,"showParticleSystems":true},"in2DMode":false,"pivot":{"x":-27.2455997467041,"y":7.373433589935303,"z":-3.584489107131958},"rotation":{"x":0.027357086539268495,"y":-0.9241454601287842,"z":0.06750768423080445,"w":0.37503257393836977},"size":2.9693679809570314,"orthographic":false}