{"cameraMode":{"drawMode":0,"name":"Shaded","section":"Shading Mode"},"sceneLighting":false,"audioPlay":false,"sceneViewState":{"showFog":true,"showMaterialUpdate":false,"showSkybox":false,"showFlares":true,"showImageEffects":true,"showParticleSystems":true},"in2DMode":false,"pivot":{"x":7.9499735832214359,"y":2.119999885559082,"z":-0.2854076623916626},"rotation":{"x":0.07663126289844513,"y":0.9233281016349793,"z":-0.272318035364151,"w":0.25968390703201296},"size":3.5813100337982179,"orthographic":false}