{"cameraMode":{"drawMode":0,"name":"Shaded","section":"Shading Mode"},"sceneLighting":true,"audioPlay":false,"sceneViewState":{"showFog":true,"showMaterialUpdate":false,"showSkybox":true,"showFlares":true,"showImageEffects":true,"showParticleSystems":true},"in2DMode":false,"pivot":{"x":2.5460000038146974,"y":0.5220232605934143,"z":0.5761923789978027},"rotation":{"x":0.32991066575050356,"y":0.0229526087641716,"z":-0.007983517833054066,"w":0.9436993598937988},"size":36.54461669921875,"orthographic":false}