{"cameraMode":{"drawMode":0,"name":"Shaded","section":"Shading Mode"},"sceneLighting":false,"audioPlay":false,"sceneViewState":{"showFog":true,"showMaterialUpdate":false,"showSkybox":false,"showFlares":true,"showImageEffects":true,"showParticleSystems":true},"in2DMode":false,"pivot":{"x":-0.09369132667779923,"y":5.343136787414551,"z":-0.0032536685466766359},"rotation":{"x":0.05506280064582825,"y":0.7542543411254883,"z":-0.06371480971574784,"w":0.6511597633361816},"size":6.334485054016113,"orthographic":false}