{"cameraMode":{"drawMode":0,"name":"Shaded","section":"Shading Mode"},"sceneLighting":true,"audioPlay":false,"sceneViewState":{"showFog":true,"showMaterialUpdate":false,"showSkybox":true,"showFlares":true,"showImageEffects":true,"showParticleSystems":true},"in2DMode":false,"pivot":{"x":-1.0590330362319947,"y":1.9549999237060547,"z":1.9677759408950806},"rotation":{"x":0.15714183449745179,"y":-0.229964479804039,"z":0.03769160434603691,"w":0.9596886038780212},"size":3.2281415462493898,"orthographic":false}