{"cameraMode":{"drawMode":0,"name":"Shaded","section":"Shading Mode"},"sceneLighting":true,"audioPlay":false,"sceneViewState":{"showFog":true,"showMaterialUpdate":false,"showSkybox":true,"showFlares":true,"showImageEffects":true,"showParticleSystems":true},"in2DMode":false,"pivot":{"x":1640.0186767578125,"y":740.8615112304688,"z":0.0},"rotation":{"x":0.00031160429352894425,"y":0.012303856201469899,"z":0.00003402361471671611,"w":0.9999243021011353},"size":1594.36083984375,"orthographic":false}