{"cameraMode":{"drawMode":0,"name":"Shaded","section":"Shading Mode"},"sceneLighting":false,"audioPlay":false,"sceneViewState":{"showFog":true,"showMaterialUpdate":false,"showSkybox":false,"showFlares":true,"showImageEffects":true,"showParticleSystems":true},"in2DMode":false,"pivot":{"x":0.46000000834465029,"y":6.420000076293945,"z":0.46000003814697268},"rotation":{"x":0.1259392946958542,"y":0.1532425582408905,"z":-0.019650746136903764,"w":0.9799336791038513},"size":1.1102705001831055,"orthographic":false}