{"cameraMode":{"drawMode":0,"name":"Shaded","section":"Shading Mode"},"sceneLighting":true,"audioPlay":false,"sceneViewState":{"showFog":true,"showMaterialUpdate":false,"showSkybox":true,"showFlares":true,"showImageEffects":true,"showParticleSystems":true},"in2DMode":false,"pivot":{"x":12.020626068115235,"y":11.22014331817627,"z":-3.0000033378601076},"rotation":{"x":0.19850054383277894,"y":-0.30269986391067507,"z":0.0646534338593483,"w":0.9299410581588745},"size":19.940271377563478,"orthographic":false}