{"cameraMode":{"drawMode":0,"name":"Shaded","section":"Shading Mode"},"sceneLighting":true,"audioPlay":false,"sceneViewState":{"showFog":true,"showMaterialUpdate":false,"showSkybox":true,"showFlares":true,"showImageEffects":true,"showParticleSystems":true},"in2DMode":false,"pivot":{"x":1.0439200401306153,"y":8.820222854614258,"z":-6.517624378204346},"rotation":{"x":-0.454976350069046,"y":0.03790200129151344,"z":-0.01942514441907406,"w":-0.8894844651222229},"size":0.09005284309387207,"orthographic":false}