{"cameraMode":{"drawMode":0,"name":"Shaded","section":"Shading Mode"},"sceneLighting":false,"audioPlay":false,"sceneViewState":{"showFog":true,"showMaterialUpdate":false,"showSkybox":false,"showFlares":true,"showImageEffects":true,"showParticleSystems":true},"in2DMode":false,"pivot":{"x":0.2593086063861847,"y":-0.24815276265144349,"z":0.9362053871154785},"rotation":{"x":-0.1088717058300972,"y":0.6373550295829773,"z":-0.09167169779539108,"w":-0.7573122382164002},"size":2.897587537765503,"orthographic":false}