{"cameraMode":{"drawMode":0,"name":"Shaded","section":"Shading Mode"},"sceneLighting":false,"audioPlay":false,"sceneViewState":{"showFog":true,"showMaterialUpdate":false,"showSkybox":false,"showFlares":true,"showImageEffects":true,"showParticleSystems":true},"in2DMode":false,"pivot":{"x":-0.00497688353061676,"y":2.213226318359375,"z":-0.05361458659172058},"rotation":{"x":0.05479225888848305,"y":-0.9042420983314514,"z":0.12228632718324661,"w":0.4054504334926605},"size":0.967951774597168,"orthographic":false}