{"cameraMode":{"drawMode":0,"name":"Shaded","section":"Shading Mode"},"sceneLighting":true,"audioPlay":false,"sceneViewState":{"showFog":true,"showMaterialUpdate":false,"showSkybox":true,"showFlares":true,"showImageEffects":true,"showParticleSystems":true},"in2DMode":false,"pivot":{"x":-3.6616601943969728,"y":4.235405921936035,"z":0.38962429761886599},"rotation":{"x":0.06409602612257004,"y":0.039510633796453479,"z":0.002543975366279483,"w":-0.997170090675354},"size":0.6170250177383423,"orthographic":false}