{"cameraMode":{"drawMode":0,"name":"Shaded","section":"Shading Mode"},"sceneLighting":true,"audioPlay":false,"sceneViewState":{"showFog":true,"showMaterialUpdate":false,"showSkybox":true,"showFlares":true,"showImageEffects":true,"showParticleSystems":true},"in2DMode":false,"pivot":{"x":-2.2907907962799074,"y":0.9311043620109558,"z":0.93376624584198},"rotation":{"x":-0.18198853731155396,"y":-0.7473522424697876,"z":0.22773142158985139,"w":-0.5970621109008789},"size":4.9781341552734379,"orthographic":false}