{"cameraMode":{"drawMode":0,"name":"Shaded","section":"Shading Mode"},"sceneLighting":false,"audioPlay":false,"sceneViewState":{"showFog":true,"showMaterialUpdate":false,"showSkybox":false,"showFlares":true,"showImageEffects":true,"showParticleSystems":true},"in2DMode":false,"pivot":{"x":0.23002943396568299,"y":1.3577289581298829,"z":0.7130811214447022},"rotation":{"x":-0.18081308901309968,"y":-0.4786151349544525,"z":0.10138288885354996,"w":-0.8532032370567322},"size":1.4434971809387208,"orthographic":false}