{"cameraMode":{"drawMode":0,"name":"Shaded","section":"Shading Mode"},"sceneLighting":true,"audioPlay":false,"sceneViewState":{"showFog":true,"showMaterialUpdate":false,"showSkybox":true,"showFlares":true,"showImageEffects":true,"showParticleSystems":true},"in2DMode":false,"pivot":{"x":16.999998092651368,"y":3.500000476837158,"z":17.5},"rotation":{"x":0.03178350627422333,"y":0.03777924180030823,"z":-0.0011728692334145308,"w":0.9987798929214478},"size":17.020442962646486,"orthographic":false}