{"cameraMode":{"drawMode":0,"name":"Shaded","section":"Shading Mode"},"sceneLighting":true,"audioPlay":false,"sceneViewState":{"showFog":true,"showMaterialUpdate":false,"showSkybox":true,"showFlares":true,"showImageEffects":true,"showParticleSystems":true},"in2DMode":false,"pivot":{"x":2.7981646060943605,"y":1.9549999237060547,"z":-11.360591888427735},"rotation":{"x":0.15714183449745179,"y":-0.229964479804039,"z":0.03769160434603691,"w":0.9596886038780212},"size":9.650168418884278,"orthographic":false}