{"cameraMode":{"drawMode":0,"name":"Shaded","section":"Shading Mode"},"sceneLighting":true,"audioPlay":false,"sceneViewState":{"showFog":true,"showMaterialUpdate":false,"showSkybox":true,"showFlares":true,"showImageEffects":true,"showParticleSystems":true},"in2DMode":false,"pivot":{"x":2.5460000038146974,"y":0.5220232605934143,"z":0.5761923789978027},"rotation":{"x":0.21176226437091828,"y":-0.7808626294136047,"z":0.4716123342514038,"w":0.35070234537124636},"size":11.267369270324707,"orthographic":false}