{"cameraMode":{"drawMode":0,"name":"Shaded","section":"Shading Mode"},"sceneLighting":false,"audioPlay":false,"sceneViewState":{"showFog":true,"showMaterialUpdate":false,"showSkybox":false,"showFlares":true,"showImageEffects":true,"showParticleSystems":true},"in2DMode":false,"pivot":{"x":-0.036660075187683108,"y":1.1104059219360352,"z":0.014624297618865967},"rotation":{"x":-0.08048545569181442,"y":-0.5240727066993713,"z":0.04984356462955475,"w":-0.8464095592498779},"size":0.6170250773429871,"orthographic":false}