{"cameraMode":{"drawMode":0,"name":"Shaded","section":"Shading Mode"},"sceneLighting":true,"audioPlay":false,"sceneViewState":{"showFog":true,"showMaterialUpdate":false,"showSkybox":true,"showFlares":true,"showImageEffects":true,"showParticleSystems":true},"in2DMode":false,"pivot":{"x":-7.275302886962891,"y":15.740397453308106,"z":-1.143721342086792},"rotation":{"x":-0.0521375797688961,"y":-0.6812188029289246,"z":0.04869956895709038,"w":-0.7285951972007752},"size":188.94509887695313,"orthographic":false}