{"cameraMode":{"drawMode":0,"name":"Shaded","section":"Shading Mode"},"sceneLighting":true,"audioPlay":false,"sceneViewState":{"showFog":true,"showMaterialUpdate":false,"showSkybox":true,"showFlares":true,"showImageEffects":true,"showParticleSystems":true},"in2DMode":false,"pivot":{"x":18.277236938476564,"y":11.147082328796387,"z":5.596695899963379},"rotation":{"x":-0.14548586308956147,"y":0.13077758252620698,"z":-0.019439436495304109,"w":-0.9804862141609192},"size":4.6125006675720219,"orthographic":false}