{"cameraMode":{"drawMode":0,"name":"Shaded","section":"Shading Mode"},"sceneLighting":false,"audioPlay":false,"sceneViewState":{"showFog":true,"showMaterialUpdate":false,"showSkybox":false,"showFlares":true,"showImageEffects":true,"showParticleSystems":true},"in2DMode":false,"pivot":{"x":-0.09124452620744705,"y":15.746113777160645,"z":0.001916743814945221},"rotation":{"x":0.009236803278326989,"y":0.9858853220939636,"z":-0.15688546001911164,"w":0.05772200599312782},"size":2.678466558456421,"orthographic":false}