{"cameraMode":{"drawMode":0,"name":"Shaded","section":"Shading Mode"},"sceneLighting":false,"audioPlay":false,"sceneViewState":{"showFog":true,"showMaterialUpdate":false,"showSkybox":false,"showFlares":true,"showImageEffects":true,"showParticleSystems":true},"in2DMode":false,"pivot":{"x":2.8064982891082765,"y":2.130629062652588,"z":-7.6895036697387699},"rotation":{"x":-0.02522655762732029,"y":0.9604061841964722,"z":-0.26147764921188357,"w":-0.09280683845281601},"size":4.054721832275391,"orthographic":false}