{"cameraMode":{"drawMode":0,"name":"Shaded","section":"Shading Mode"},"sceneLighting":true,"audioPlay":false,"sceneViewState":{"showFog":true,"showMaterialUpdate":false,"showSkybox":true,"showFlares":true,"showImageEffects":true,"showParticleSystems":true},"in2DMode":false,"pivot":{"x":0.6542105078697205,"y":1.9549999237060547,"z":-0.6699172258377075},"rotation":{"x":0.0572570338845253,"y":0.7569067478179932,"z":0.06692561507225037,"w":-0.6475605964660645},"size":2.434609889984131,"orthographic":false}