{"cameraMode":{"drawMode":0,"name":"Shaded","section":"Shading Mode"},"sceneLighting":true,"audioPlay":false,"sceneViewState":{"showFog":true,"showMaterialUpdate":false,"showSkybox":true,"showFlares":true,"showImageEffects":true,"showParticleSystems":true},"in2DMode":false,"pivot":{"x":8.953960418701172,"y":2.1729249954223635,"z":0.4232826232910156},"rotation":{"x":-0.19698001444339753,"y":-0.7218811511993408,"z":0.22831189632415772,"w":-0.6228644251823425},"size":15.583110809326172,"orthographic":false}