{"cameraMode":{"drawMode":0,"name":"Shaded","section":"Shading Mode"},"sceneLighting":true,"audioPlay":false,"sceneViewState":{"showFog":true,"showMaterialUpdate":false,"showSkybox":true,"showFlares":true,"showImageEffects":true,"showParticleSystems":true},"in2DMode":false,"pivot":{"x":7.939698219299316,"y":1.994999885559082,"z":-0.28756415843963625},"rotation":{"x":-0.0002354057942284271,"y":-0.6197323799133301,"z":0.00020109493925701827,"w":-0.7848132252693176},"size":5.04597282409668,"orthographic":false}