{"cameraMode":{"drawMode":0,"name":"Shaded","section":"Shading Mode"},"sceneLighting":false,"audioPlay":false,"sceneViewState":{"showFog":true,"showMaterialUpdate":false,"showSkybox":false,"showFlares":true,"showImageEffects":true,"showParticleSystems":true},"in2DMode":false,"pivot":{"x":9.935270309448243,"y":2.8921687602996828,"z":9.969871520996094},"rotation":{"x":-0.18146616220474244,"y":-0.3816970884799957,"z":0.07670511305332184,"w":-0.9030469655990601},"size":9.816643714904786,"orthographic":false}