{"cameraMode":{"drawMode":0,"name":"Shaded","section":"Shading Mode"},"sceneLighting":false,"audioPlay":false,"sceneViewState":{"showFog":true,"showMaterialUpdate":false,"showSkybox":false,"showFlares":true,"showImageEffects":true,"showParticleSystems":true},"in2DMode":false,"pivot":{"x":835.0423583984375,"y":-292.2167663574219,"z":3.527243137359619},"rotation":{"x":-0.2975454330444336,"y":0.30651742219924929,"z":-0.10151317715644837,"w":-0.8984480500221252},"size":102.98723602294922,"orthographic":false}