{"cameraMode":{"drawMode":0,"name":"Shaded","section":"Shading Mode"},"sceneLighting":false,"audioPlay":false,"sceneViewState":{"showFog":true,"showMaterialUpdate":false,"showSkybox":false,"showFlares":true,"showImageEffects":true,"showParticleSystems":true},"in2DMode":false,"pivot":{"x":0.23337498307228089,"y":1.2699164152145386,"z":0.8345109820365906},"rotation":{"x":-0.3509354889392853,"y":-0.033437468111515048,"z":0.01253898348659277,"w":-0.9357184767723084},"size":1.5632504224777222,"orthographic":false}