{"cameraMode":{"drawMode":0,"name":"Shaded","section":"Shading Mode"},"sceneLighting":false,"audioPlay":false,"sceneViewState":{"showFog":true,"showMaterialUpdate":false,"showSkybox":false,"showFlares":true,"showImageEffects":true,"showParticleSystems":true},"in2DMode":false,"pivot":{"x":-59.9246826171875,"y":2.0051684379577638,"z":-54.86708068847656},"rotation":{"x":-0.06099905073642731,"y":-0.5604015588760376,"z":0.04143679141998291,"w":-0.8249316811561585},"size":1.219779372215271,"orthographic":false}