{"cameraMode":{"drawMode":0,"name":"Shaded","section":"Shading Mode"},"sceneLighting":false,"audioPlay":false,"sceneViewState":{"showFog":true,"showMaterialUpdate":false,"showSkybox":false,"showFlares":true,"showImageEffects":true,"showParticleSystems":true},"in2DMode":false,"pivot":{"x":0.23337730765342713,"y":1.2893977165222169,"z":0.8425847291946411},"rotation":{"x":-0.12070906907320023,"y":0.7015714049339294,"z":-0.12245971709489823,"w":-0.6915420889854431},"size":2.6078295707702638,"orthographic":false}