{"cameraMode":{"drawMode":0,"name":"Shaded","section":"Shading Mode"},"sceneLighting":false,"audioPlay":false,"sceneViewState":{"showFog":true,"showMaterialUpdate":false,"showSkybox":false,"showFlares":true,"showImageEffects":true,"showParticleSystems":true},"in2DMode":false,"pivot":{"x":0.0000012516975402832032,"y":4.919999599456787,"z":0.02409382164478302},"rotation":{"x":-0.31139880418777468,"y":0.6257642507553101,"z":-0.3002041280269623,"w":-0.6490973830223084},"size":4.421255588531494,"orthographic":false}