{"cameraMode":{"drawMode":0,"name":"Shaded","section":"Shading Mode"},"sceneLighting":true,"audioPlay":false,"sceneViewState":{"showFog":true,"showMaterialUpdate":false,"showSkybox":true,"showFlares":true,"showImageEffects":true,"showParticleSystems":true},"in2DMode":false,"pivot":{"x":-14.556943893432618,"y":2.776477098464966,"z":60.95828628540039},"rotation":{"x":-0.31139880418777468,"y":0.6257642507553101,"z":-0.3002041280269623,"w":-0.6490973830223084},"size":129.48355102539063,"orthographic":false}